name,age,street,city,state,zip
Clifford Williams,42,41726 Christopher Lakes Apt. 079,Williamsport,Indiana,59671
Carol Riley,32,8700 Joseph Inlet Apt. 166,North Robin,Arkansas,63606
Andrea Garcia,36,0183 Johnson Way,Goodwinside,Michigan,91150
Sarah Norris,35,98023 Sanchez Oval Suite 242,East Bruceburgh,Alabama,61406
Ann Hobbs,22,7742 Reyes Rue Suite 046,South Jennifer,Minnesota,30509
Sean Owen,34,90391 Sandoval Valley Apt. 574,Wheelerberg,Florida,31424
Kelly Cochran,44,7903 April Shoals Apt. 021,Gomezside,Nebraska,39910
Patrick Hill,40,637 Deanna Gardens Apt. 905,Rebeccachester,South Dakota,20502
Jesse Rivera,48,79120 Ashley Greens,Port Michael,Missouri,50506
Tracie Jenkins,54,50924 Oscar Camp Suite 430,Stacystad,Wisconsin,55114
Chad Chambers,44,87281 William Mills Apt. 184,Port Heather,Kentucky,61257
John Robinson,43,75519 Hernandez Plaza,Stevenchester,Alabama,88898
Daniel Baker,73,7552 Carr Meadows,Craigfurt,Delaware,99886
Michael Frank,53,810 Fernando Road Suite 731,North Kathrynchester,Minnesota,36882
Joseph Carrillo,60,737 Lori Via,Grahamport,Ohio,7971
Timothy Nunez,22,2636 Alfred Shore Suite 900,Hernandezburgh,Nebraska,84450
Susan Mccoy,74,82198 Richard Stream,South Courtney,Kansas,96767
Carlos Davis,33,204 Leon Creek Apt. 245,Davidsonhaven,Massachusetts,92147
Brandon Wolfe,60,77897 Ian Center,Kanefort,Vermont,79169
Darrell Davis,70,19430 Sandra Mountains,Jenniferside,Alaska,60918
Leslie Murray,47,61707 Carlos Ways,Sarahborough,Maryland,43888
Kylie Joseph,77,4926 Lewis Lakes Suite 016,West Amberville,Kentucky,27354
Tim Ramirez,47,814 Collins Road,Port Jaredport,Montana,62568
Emily Brown,29,87602 Mary Ville,Lake James,Michigan,85043
Tracy Harris,34,075 Burns Knolls Suite 477,West Curtis,Texas,34698
Collin Chavez,22,170 Melendez Mall Apt. 673,Katherineland,Oregon,37035
Stephanie Marquez,35,52991 Caldwell Mills,Crosschester,Kansas,60502
Gregory Lopez,57,03653 French Ford,East Antonio,Alabama,57038
Shelby Diaz,19,1410 Decker Stream,Karenmouth,South Carolina,50406
Robert Mccarty,46,123 Strickland Loop,South Michaelbury,North Dakota,79476
Shannon Bruce,37,119 Vega Manor,Evanbury,Massachusetts,17516
Robert Galvan,50,8236 Harper Fords Apt. 559,Williamsland,California,48202
Eric Walsh,33,048 Robert Course Apt. 542,Lake Joville,Pennsylvania,21883
Amanda Ortiz,54,99908 Jason Row Apt. 916,Deannaside,Oklahoma,4936
Dr. Jesus Newman MD,50,655 Gilbert Stravenue Suite 895,Port Michelle,New Mexico,77435
Elizabeth Carter,68,793 Megan Trail Apt. 780,New Todd,Washington,39491
Amy Carpenter,46,4668 Herrera Lakes,Mikaylamouth,Iowa,77273
Anthony Paul,26,233 Drew Mews,North Marcusburgh,New Mexico,32464
Anthony Zimmerman,77,420 Cox Estates Apt. 671,North Josephport,Alaska,43469
Patrick Rodriguez,18,46952 Jarvis Ports Suite 965,Sullivanfort,New York,32676
Ronald Miller,39,3019 Carlos Corners Suite 049,Amandafort,Minnesota,68035
Teresa Curry,42,37211 Timothy Unions Suite 535,Dawsonville,Maryland,18525
Lisa Turner,63,538 Greene Fort,Gonzalezland,Virginia,92867
Emily Moore,36,227 Katrina Causeway Suite 190,South Michaelport,Nevada,35768
Donald Mccann,33,158 Mcdaniel Spurs,East Elizabeth,North Carolina,69624
James Moss,31,25069 Blair Green,North Karenborough,Colorado,69858
Joan Brooks,42,274 Collins Drive Suite 363,Vegaville,Kansas,599
Christopher Hunter,55,7366 Stephens Crest,Andrewmouth,Kansas,55160
Brian Hawkins,77,97405 Cooper Island Suite 377,Port Danielstad,Maryland,18969
Jennifer Shaw,42,3393 Lopez Village,Brittanyfort,Maryland,96948
Denise Murphy,23,8355 Mccarthy Mills Apt. 194,Port Stephanie,Florida,59599
Melanie Cox,31,7504 Martinez Alley,South Anthonyborough,New Mexico,66627
Regina Poole,25,79157 Weaver Ports Suite 765,East Lauren,Pennsylvania,69753
Nathaniel Gonzales,62,93793 Foster Square,Sarahville,Kansas,57611
Valerie Perry,53,1522 Ewing Dam Apt. 268,Phelpshaven,Iowa,90651
Kelly Gonzalez,19,2712 Michael Rapid,Wuview,Massachusetts,1296
Laurie Miller,59,09923 Duke Key,Joshuashire,Hawaii,61656
Deborah Olsen,27,56473 Castro Fords Apt. 962,New Laura,North Dakota,41789
Darren Parker,34,877 Cody Glens,West Christopherville,Montana,46344
Emily Moore,48,82562 Allison Vista,East Charles,California,98895
Dr. Jose Snow,41,16394 Ronald Divide Suite 201,Jackville,North Dakota,70369
Crystal Washington,36,221 Jennifer Plains,South Dustin,Tennessee,41357
Kenneth Massey,57,6477 Shaw Plains Apt. 352,Lake Shelby,Iowa,70671
Brianna Fields,35,2996 Ryan Glens,Lake Jim,Nebraska,27216
Amanda Cook,68,5374 Gwendolyn Flat,Howardstad,North Dakota,63832
Nicole Gallagher,41,33964 Veronica Orchard,East Manuelhaven,New York,80182
Daniel Anderson,77,78436 Callahan Ways Suite 220,East Susan,California,43918
Crystal Hubbard,18,2079 Parsons Mews Apt. 160,West Austin,Missouri,12171
Kathleen Singh,43,0108 Thomas Groves Apt. 540,Jenniferstad,Maryland,28017
Rita Rodriguez,21,301 Martin Harbors Apt. 651,East Joshuashire,North Carolina,770
Laura Phillips,61,833 Richard Lodge Apt. 267,Lake Deborah,West Virginia,87899
George Blevins,61,348 Anderson Inlet Apt. 650,Loriville,Pennsylvania,98235
Helen Figueroa MD,71,5892 Taylor Rue,Watsonchester,Missouri,15716
Michael Chavez,77,9102 Peterson Cliff Apt. 402,New Latoya,Kentucky,29263
Terri Guerra,62,663 Jordan Valleys Suite 722,Port Nicoleberg,Maine,66582
Eduardo Rose,60,4392 Bates Wall Suite 490,New Jimmy,Idaho,97516
Nicole Black,71,413 Joseph Neck,Jerryfurt,Pennsylvania,7500
Christian Hernandez,43,227 Mitchell Park,Trujillomouth,New York,56334
Eric Nelson,31,893 Austin Fords,South Charlesfurt,Alabama,16002
James Reed,38,722 Arnold Course Suite 444,Riceside,Hawaii,4047
John Jones,31,902 David Terrace Apt. 527,North Mary,Wisconsin,87384
Pamela Murray,29,04519 Evans Mount Apt. 558,Pattersonfort,Mississippi,94354
Lindsay Dunn,38,21802 Adam Way Suite 354,Abbottport,Ohio,71902
Bridget Hansen,40,801 Clifford Hill,Port William,Rhode Island,82734
Rachel Wilson,33,6843 Wilson Viaduct Apt. 665,Alexandertown,Georgia,49654
Richard Vincent,29,0002 Lisa Club,South John,Tennessee,58058
Brittany Cooper,74,838 King Mountains,Tannerville,Nevada,50303
Sherri Lee,45,3922 Keller Cove,West Priscilla,Wisconsin,89218
Lisa Shaw,23,945 Ramsey Hills Apt. 555,Destinyborough,Maine,10302
Sara Roberts,50,5075 Rodriguez Keys,Jacobstad,Nebraska,23958
Kaylee Fry,31,935 Justin Trace Suite 772,New Christopherbury,North Dakota,93299
Kimberly Luna,37,61446 Reese Way,Port Christopherborough,Michigan,30732
Mary Giles,58,48453 Blankenship Row,Hawkinsland,North Carolina,89692
Alisha Hensley,59,366 Ortiz Path Suite 429,Port James,Iowa,29962
Raymond Wolf,61,73836 Smith Hollow Suite 756,South Monica,Indiana,93870
Vincent Patel,43,0462 Rose Neck,Lake Jill,North Carolina,13556
Anthony Mclaughlin,29,755 Wendy Ford Apt. 372,Heatherview,Delaware,93876
Todd Nichols,56,654 Howard Stravenue Suite 184,Alvarezstad,Georgia,12074
Duane Hunt,25,6208 Thomas Viaduct Suite 997,Port Andreaton,Oregon,92669
Jillian Baldwin,33,0038 Nathan Manors,Brianfort,Illinois,90693
Amanda Lee,27,7117 Hunter Rapids,Ashleyland,Virginia,73360
Louis Martinez,75,13342 Kim Cliffs Suite 859,Wrighttown,Nebraska,92148
Susan Austin,35,8596 Thompson Common Suite 749,West Brettton,Connecticut,42786
Ryan Spencer,25,289 Mata Plains Suite 413,Mccormickchester,Georgia,48845
Benjamin Maynard,54,77014 Heather Views,Deanside,Louisiana,64511
Jamie Cunningham,25,36152 Amber Crest Suite 680,Port Alexander,New Mexico,45612
Connie Hensley,80,895 Judy Streets,Kristenshire,Illinois,82279
Katherine White,65,23166 Miller Islands Suite 681,West Kimberly,Nebraska,69603
Tracy Hoover,74,45997 Lindsey Bridge Apt. 924,Nicoleview,South Dakota,64545
Taylor Keller,64,534 Hansen Fields,East Hector,Kansas,45541
Victoria Lawrence,22,019 Tyler Rapid Suite 911,Anthonyshire,Minnesota,31084
Annette Crawford,29,639 Sawyer Station Suite 652,Trevinoside,Pennsylvania,73656
Mary Thompson,65,498 Daniel Crossroad,Rodriguezmouth,Georgia,79209
Christopher Snow,20,87527 Derek Ford,North Larryhaven,Maryland,96822
Justin Willis,69,76003 Carson Flat Apt. 589,Freemantown,Indiana,10483
Sharon Adams,53,6829 Silva Path,Davismouth,North Carolina,64988
Michael Williams,79,89732 Ferguson Crescent,South Barbarashire,New Jersey,17800
Mary Schneider,21,387 Mclean Stream Apt. 350,Mcbrideton,Washington,44350
Travis Rush,20,981 Robinson Trafficway Suite 768,Yorkchester,West Virginia,22603
Brian Freeman,41,91306 Brown Wells,North Rachel,Alaska,7205
John Watson,29,458 Jennifer Loop,East Benjamin,Washington,70451
Scott Reid,51,72045 Curtis Mission Apt. 368,Port Terry,Oregon,20120
Kimberly Benson,56,50716 Burch Summit,West Roberttown,Kansas,66295
Jennifer Young,74,805 Jacob Pass,North Frank,Utah,74660
Diana Hartman,24,1576 David Radial,West Madison,Colorado,29661
Angela Jones,69,74356 Ramos Way,South Lisatown,Wisconsin,15531
Sheryl Rosario,36,126 Kenneth Creek,Lisaborough,Indiana,92324
Susan Turner,65,86472 Hardin Meadows Suite 019,Lake Stephen,Colorado,11345
Kristin Preston,24,711 Cruz Port,East Leslie,California,10354
Douglas Smith,41,840 Smith Stravenue,Harrisville,South Carolina,48689
Jason Acosta,56,60400 Charles Fields,West Markton,Georgia,62511
Derek Wilkinson,66,7393 Turner Avenue,Nicoleton,Nevada,81251
Daniel Williams,78,464 Emily Ridge,North Stephanieburgh,New Hampshire,48413
Sarah Ford,48,3447 Eric Circles,New Brendatown,New Mexico,64781
Peter Thompson,69,7302 Andersen Cove Apt. 147,New Barbara,Pennsylvania,75891
Sarah Todd,21,186 Mann Ranch,West Ricardobury,Montana,12105
John Rodriguez,80,802 Margaret Locks,Lake Nathan,Louisiana,12216
Lori Lee,26,395 Wells Harbor Suite 342,Smallberg,Ohio,92312
Nathan Orozco,67,15015 James Flats Apt. 045,Diazview,West Virginia,50228
Rachel Dominguez,24,53181 Johnson Row Apt. 056,East Christine,California,78394
Matthew Hunter,71,72042 Neal Junctions Apt. 819,Caldwellchester,Texas,91497
Deanna Waters,61,5291 Wilson Overpass,Hughesfurt,Delaware,3433
Marie Hill DDS,61,689 Hanson Keys,Port Jennifer,California,95593
Brianna Welch,29,898 Catherine Underpass Suite 873,North Alanshire,Ohio,12812
Kelli Green,25,603 Jones Cliff Suite 540,North Aaronberg,Nevada,70543
April Black,43,537 Colin Walks Suite 294,Lake Billy,Idaho,36355
Nicole Johnson,68,635 Good Court,Scottland,Alaska,3068
Dorothy Berry,24,78403 Boyer Causeway Suite 812,Brendabury,Illinois,51742
Brittany Lucas,45,122 Roberts Underpass Apt. 654,Kennethtown,Nevada,79197
Jennifer Day,74,595 Ronald Vista,Ariasmouth,Massachusetts,59280
Jamie Gilbert,60,18168 Terry Crescent,East Sean,Ohio,38066
Mrs. Kaitlyn Davis,63,869 Erica Branch Suite 613,Brianborough,Arizona,48760
Brian Olson DDS,60,893 Dwayne Station Apt. 618,North Mollymouth,North Carolina,33752
Matthew Wilson,78,82091 Thomas Meadow,Randallfort,New Hampshire,73220
Robert Villegas,34,11498 Gregory River Apt. 372,East Lydiaville,Indiana,35450
Jimmy Cook,66,721 Melissa Inlet,Lake Crystal,New York,97216
Jordan Riley,30,8020 Stone Expressway,Harrischester,Michigan,32760
Ashley Campbell,26,29858 Edwards Neck,Andrewsburgh,Florida,36887
Kevin Bell,29,20605 Garza Station,Jonesmouth,West Virginia,43358
Patricia Rogers,36,76735 Hill Cove Suite 165,North Heathershire,Louisiana,17506
Richard Tucker,39,959 Moore Haven Apt. 527,Lake Alisonburgh,Ohio,36722
Kimberly Brewer MD,70,17814 Curtis Flats Apt. 328,Jennifershire,Washington,69412
Debra Weiss,38,41792 Fox Passage,South Kristina,Nevada,18611
Erin Baxter,45,3784 Fox Branch Suite 251,West Joshua,Wisconsin,37072
Sara Elliott,65,2952 Nichole Field,Sarahland,Louisiana,32168
David Shea,34,958 Teresa Forks,Port Luisfurt,California,40458
Jonathan Townsend,73,557 Robinson Lakes Apt. 010,South Robertview,Nebraska,83638
Christopher Lowe,51,5700 Jones Spur Apt. 505,Edwardsbury,Hawaii,50517
Levi Cervantes,76,696 Roberto Ford,North Scott,West Virginia,53070
Justin Smith,45,573 Mary Knoll Apt. 217,South Kyleburgh,Virginia,76764
Joseph Larson,67,27122 Luis Wall Apt. 361,South Calvinchester,North Carolina,61956
Jeffrey Martinez,73,6254 Carson Ville Suite 027,New Cole,Mississippi,69619
Kelly Chavez,71,671 Duncan Lane,Lake Loriside,Alabama,38119
Joshua Jackson,65,4617 Huffman Parkway,Brownmouth,Maryland,74624
Michael Salinas,75,49880 Smith Highway,Lake Jennifer,Louisiana,73911
Jeremiah Myers,42,96874 Mejia Crest Suite 021,Lake Jill,Illinois,56839
Chelsea Sullivan,34,27580 Klein Locks,Port Stephaniebury,Missouri,18784
Timothy Rivera,25,263 Larson Parks,Millerview,Georgia,75752
Jennifer Jones,33,9284 Cole Extensions Suite 942,North Calebberg,Wisconsin,20458
Kevin Patel,63,49954 Smith Wall,Schneiderton,Mississippi,69062
Stephen Bonilla,31,4761 Caitlin Unions Apt. 849,New Kristenstad,Oregon,3182
Anthony Koch,30,247 Escobar Route Suite 110,Bradshawfurt,Alabama,20413
Alejandro Martin,48,3776 Kelly Parkway Suite 174,West Evanland,Minnesota,72505
Tina Simon,35,97073 Hernandez Hollow Apt. 589,Sheltonside,Nebraska,41003
Jose Martinez,43,861 White Point,Garrettfort,Ohio,57004
Phillip Rollins MD,47,508 Moore Gateway Apt. 437,Mackmouth,Idaho,73115
Steven Colon,20,741 Hinton Tunnel Suite 741,Harrismouth,Mississippi,31288
Jessica Mills DDS,63,94981 Mcguire Mews,Davidshire,Maryland,85195
John Banks,58,4619 Don Bypass Suite 137,Danielfurt,Kentucky,19529
Diane Wood,58,203 Harrington Garden,Michaelside,West Virginia,45300
John Cantrell,51,213 Samantha Rue Suite 906,East Loriburgh,Massachusetts,61916
Kevin Ross,74,0399 Howell Dale Apt. 205,Hollandmouth,Arizona,63191
David Johnston,64,251 Greene Village,North Jamesberg,Tennessee,40341
Susan Carter,19,51379 Philip Crossing,Dianeborough,Nebraska,22724
Brian Sanchez,39,98767 Jason Stream,Chadburgh,Montana,34750
Richard Myers,58,188 Payne Forges,Mccannside,Massachusetts,74789
Paul Curry,41,968 Jeremy Junctions Suite 755,Port Jessica,Washington,65855
Larry Cohen,24,34154 Ramirez Dale Apt. 981,Port Briana,Virginia,49442
Robert Bailey,74,446 Juan Prairie,North Jennifer,Nevada,65350
Michael Adams,51,717 Taylor Station Apt. 985,Port Mistyton,Florida,59415
Amanda Williams,53,258 Kristen Walks Apt. 450,South Alyssa,Minnesota,32860
Christine Howe,58,139 Benson Loop,Keithstad,Illinois,94560
Brad Burns,36,5943 Johnston Knoll Suite 483,Jeffreyland,Montana,57673
Samantha Butler,58,532 Julia Courts Apt. 189,Osbornemouth,Louisiana,96780
Zachary Mendoza,26,5325 Hill Knolls Suite 148,Port Amyborough,Colorado,17921
Brendan Jackson,23,514 Jacobs Causeway Apt. 413,Jennifermouth,North Dakota,49394
David Williams,77,20211 Gilbert Extensions,Brettshire,Delaware,27778
Susan Rojas,24,40596 Wood View,South Lindaton,Florida,31337
Michael Pruitt,21,3802 Vargas Summit Apt. 145,New Melissashire,Montana,33510
Adam Glass,65,514 Johnson Ford,Fletcherport,North Dakota,40864
Shannon English,65,89310 Mcdonald Haven Suite 544,Amandaton,Utah,51503
Andrew Vance,43,047 Cheryl Knolls,West Megan,California,24326
Dakota Farrell,45,27619 Foster Fields,East Elizabethport,Arkansas,71624
Frank Smith,28,3200 Parker Parkway Suite 582,Port Bobbymouth,Kentucky,72341
Corey Schneider,19,81429 Curtis Forest Apt. 745,Jessicabury,Maine,18067
Laura Diaz,74,2776 Clements Springs,Terrellchester,Montana,12416
Robert Parker,67,79300 Warren Ranch,Kellytown,Ohio,43980
Thomas Cooper,50,514 Spencer River,Port Fredhaven,Oklahoma,12875
Jeremy Jones,32,61326 Brian Mission,West Dannybury,Kentucky,33112
Chelsea Collier,31,51701 Brandy Drive Apt. 523,Rachelbury,Oklahoma,76767
Brian Thornton,38,7107 Courtney Harbor Suite 899,Brandonhaven,Rhode Island,55878
Heather Williams,44,264 Peck Station Suite 900,Thomasville,North Carolina,34919
Lisa Daniels,36,57013 Davis Pike,Port Thomasbury,Florida,7160
Kristi Burnett,53,70127 Linda Streets,Port Paula,Idaho,97674
Peter Frank,75,14021 Moran Corner,Jennifermouth,North Carolina,65684
Jennifer Williams,77,6711 Bradley Light Suite 682,Vincentberg,West Virginia,33587
Lindsay Hoffman,37,53327 Wallace Branch Suite 094,Port Daniel,Minnesota,77363
Caitlin Cruz,52,34777 Robert Camp,South Seanville,Tennessee,18171
Jesse Carey,35,34606 Jenna Valleys,South Sabrina,Missouri,37031
Stacy Nichols,20,7802 Stacey Mall Suite 806,New Ricardochester,South Dakota,3520
Sheila Green,54,383 Little Walks,Carlosport,Alabama,46273
Brandon Ramirez,52,259 Henry Road Suite 651,New Brianna,Georgia,97081
Melissa Gray,77,6145 Johnson Landing,South Brucemouth,Oregon,70741
Mr. Thomas Hill,30,322 Lynn Path,North Kerri,Alaska,58751
Amanda Hicks,77,169 Tyler Pike,Port Alyssaland,Texas,92988
Patrick Jones,66,684 Joseph Curve,West Sandra,Arizona,68401
Amy Bridges,34,7824 Karen Port Apt. 707,North Allenview,Louisiana,33261
Wesley Liu,34,654 Martin Shoals Apt. 565,Stricklandberg,New Jersey,7869
Nicole Gray,60,05878 Kathryn Ways,Guzmanchester,Michigan,29072
Anita Collins,28,38390 Mcdaniel Ramp,Lake Steven,Arizona,17758
Molly Black,49,78875 Joshua Corner,Taylorside,South Dakota,93984
Victoria Jackson,24,505 Shannon View Suite 425,North Kellyview,California,82805
Philip Campos,49,57754 Gregory Mountain,Zamorastad,Wisconsin,99785
Christine Holmes,45,509 Lewis Centers,East Julie,California,51697
Jesus Klein,73,037 Robert Squares Apt. 223,Robinsonburgh,Rhode Island,70016
Mary Bowers,34,831 Brian Harbors Apt. 653,Adamburgh,Iowa,49756
Peter Horne,50,8567 Angela Stream Suite 851,Port Christopherstad,Kansas,79114
Mr. Hunter Wright,73,19348 Mcdonald Hills,Lake Robin,Missouri,98288
Jasmine Riley,70,685 Kimberly Inlet Suite 819,Edwardsstad,Idaho,5656
Alyssa Romero,33,64310 Andrew Motorway Suite 297,North Rachelville,Wisconsin,52603
Steven Miller,45,152 Murray Shoal Apt. 268,Bakerberg,Rhode Island,77479
Christopher Contreras,57,25756 Roman Mountain Suite 009,North Johnathan,Rhode Island,48012
Sherri Burgess,48,59765 Michael Ramp Apt. 615,Darrenburgh,Florida,83779
Timothy Zavala,42,2125 Nathan Fork,South Pamela,Indiana,56107
Erik Moore,49,69869 Johnson Harbor Apt. 483,Port Marymouth,Tennessee,90508
Christopher Steele,52,20248 Jamie Burgs,East Loriport,California,66081
Jonathan Holland,48,02438 Ashley Brooks Suite 701,Moorestad,Wyoming,43737
Sandra Price,47,3299 Jack Extension Suite 703,New Jacqueline,New Hampshire,72150
Christopher Powell,57,2918 Collins Mills,New Michael,Idaho,49076
Gabriel Perez,73,70195 Adams Square,Charlesstad,Oregon,48068
Jesse Buckley,34,17258 Hannah Flats Suite 741,East Cynthiamouth,New Jersey,82456
Scott Sawyer,77,3048 Sexton Port,West Joshuashire,Virginia,50865
Joshua Thomas,28,86601 Andrew Prairie,North Melissa,Delaware,75530
Brandon Odom,68,9517 Jennifer Views Apt. 594,West Amandafort,Hawaii,3384
Mark Davis,64,7680 Noah Trail,Johnsonmouth,Indiana,27378
Chelsea Collins,60,757 Adam Estates Suite 916,Millerland,Georgia,49873
Sarah Cohen,43,0394 Kristin Springs Apt. 165,North Ashley,New York,31273
Ryan Hicks,80,727 Carroll Drives Suite 304,East April,Montana,99939
Teresa Chandler,23,025 Garrett Causeway Suite 757,Williamstown,Pennsylvania,91115
Valerie Skinner,51,789 David Highway Suite 883,West Brittany,Washington,2587
Michelle Cummings,74,31366 Karen Port Apt. 670,Ramirezshire,Ohio,32079
Dustin Walker,62,33816 Guzman River,North Stefanie,Nevada,35425
Alison Thomas,74,3934 Brooks Lakes,Andersonville,Arizona,84449
Amanda Campbell,40,7156 Sheri Spring Suite 004,Lake Allison,Wisconsin,69934
Kim Howard,50,1189 Wiley Spur,Jacobhaven,Oregon,17810
April Cain,45,72728 Amy Pines,South Debra,North Carolina,77369
Vanessa Wolfe,56,92180 Charles Ways,Robertbury,Washington,29209
Mr. Gabriel Walters,48,387 Anderson Lane,South John,Massachusetts,78800
John Proctor,56,937 Tucker Mission Apt. 867,Sheppardmouth,Washington,80665
Gail Bridges,59,47419 Bethany Pass,West Shawnmouth,New Jersey,40294
Daniel Dodson,67,2026 James Motorway,New Patrickhaven,Maryland,24837
Pamela Li,60,776 Sarah Mills Apt. 480,Housemouth,Michigan,73687
Philip Foster,54,54133 Albert Knoll,West Victoriastad,Hawaii,1513
Rebecca Hart,41,711 Colin Stravenue,Sydneyhaven,New Jersey,2798
Jasmine Edwards,64,27718 Monique Stravenue Suite 094,Barrettstad,North Dakota,86045
Kenneth Francis,60,941 Hancock Harbors Apt. 914,South Julieborough,South Carolina,93889
Darrell Reed,28,0255 Linda Courts,North Charlotteview,New York,10698
Amanda Caldwell,49,068 Wilson Vista,Taylormouth,Oregon,12325
Jason Cooper,43,417 Paul Crest,West Dana,Arizona,23618
Erin Bryant,28,126 Adam Freeway Suite 900,East Kristinhaven,Missouri,27776
Samantha Bailey,55,6092 Phillips Loop Suite 583,New Deborahville,California,6230
Jeremiah Underwood,59,167 Nicole Lakes Apt. 883,Kennethton,New York,52857
Kelly Snyder,48,5936 Lawson Light,East Kayla,Michigan,8962
David Ward,50,1569 Penny Plaza,Gonzalezside,California,88173
Tina Smith,76,376 Raymond Green,Fisherfort,North Carolina,51073
Anthony Hughes,73,58059 Jamie Vista,North Francisco,Missouri,66779
Cody Nunez,77,899 Russo Street Apt. 441,West Pamela,Ohio,49806
Corey Clark,78,36158 Charles Walk Apt. 234,Rodriguezhaven,Wyoming,81117
Jacqueline Vincent,55,634 Olsen Estate,Lake Jessicaborough,Idaho,76047
Michelle Weber,25,20168 Nelson Courts Apt. 592,Jeffreyside,Ohio,75580
Jennifer Phillips,72,037 Hunt Harbors,New James,Colorado,96876
Allison Vincent,51,74834 Hicks Forest,Victoriamouth,Rhode Island,36724
Michael Lopez,38,58068 Kim Ranch,Guerreroton,Massachusetts,42452
Sarah Acosta,59,45815 Arnold Track,Harveyfurt,Wisconsin,87725
Kevin Gonzales,45,609 Acosta Lock Apt. 122,Taylorview,Idaho,10207
Jeffrey Moses,45,0264 Smith Ramp,North Ann,Vermont,3539
Daniel Rodriguez,48,8353 Patrick Skyway,Edwardfurt,Wisconsin,55110
Ashley Sparks,30,79684 Lindsey Spur Apt. 832,Harperborough,Oregon,24010
Maureen Parks,50,273 Curtis Mission,Jackside,Connecticut,27228
Andrea Johnson,28,013 Sanchez Station,Stephenfurt,Massachusetts,71319
William Johnson,68,859 Black Terrace,Derricktown,Michigan,90126
Mark Howard,78,67768 Friedman Stravenue,Williamsberg,Florida,35074
Dalton Daniels,36,6896 Chan Island,Shafferview,Virginia,64871
Edward Brown,32,8514 Wood Lock Apt. 255,Douglasmouth,Mississippi,87580
Gregory Michael,32,13030 Cox Rest Suite 790,North Jessicaview,North Carolina,34265
Kelsey James,76,31743 Deleon Avenue,Joshuaton,Indiana,64387
Ana Henry,59,25242 Terry Parkway Suite 475,Taylorport,Oregon,19111
Stephanie Martinez,19,817 Kathleen Ridges,West Davidside,Illinois,74741
Stephanie Clark,80,9875 Diana Pike Suite 692,Lake Michaelfurt,Missouri,58841
Kimberly Obrien,66,31128 Carrie Ways,Kristentown,Wyoming,4731
Mary Haley,46,6653 Rivera Pike,Lake Janetmouth,Minnesota,98909
Alec Sanders,71,44929 Albert Estate,Natashaport,Rhode Island,35730
Eric Clayton,52,00998 Smith Freeway,Jesseberg,Missouri,31098
Anthony Escobar,43,160 Rivera Courts Apt. 845,Davidton,Georgia,51960
Robert Gardner,26,9009 Delacruz Parkway,Craigbury,California,89981
Matthew Berry,77,3046 Torres Landing,New Michaelport,Washington,42015
Casey Bradley,32,4476 Francis Branch,New Johnborough,Nevada,70659
Victor Lee,60,025 Lisa Cove Apt. 126,Lake Carrie,Oregon,49449
Lee Stanley,48,52681 Deleon Springs,North Maxland,Florida,88235
John Wilson,22,53723 Kimberly Burg,Cantuburgh,Virginia,51156
Anthony Kelley,66,11565 Karen Field Suite 524,East Stephenville,Connecticut,59059
Robert Hudson,26,503 Adams Center Suite 314,East Laurenville,Maine,31160
Phillip Taylor,27,7465 Fisher Roads,Downsfort,South Carolina,47883
Dean Ellis,66,3858 Brown Centers,Barbaraberg,Texas,18801
Margaret Lawson,58,0584 Michael Wells,South Hannahview,Louisiana,6008
Travis Cannon,50,40786 Sean Lodge,Underwoodport,Idaho,98081
Meghan Hansen,74,5360 Spence Mount Suite 213,Trujilloburgh,Massachusetts,24411
Michael Becker,58,3680 Mary Ramp,Nashside,Arkansas,78810
Benjamin James,56,4870 Dawn Mall,East Barbaramouth,Alaska,26243
Bradley Patterson,49,6354 Hood Loaf Suite 366,Barberfort,Utah,71954
Kristine Cardenas,41,7395 Bennett Springs Suite 098,Eatonfurt,Texas,17100
Justin Whitaker,46,716 Stephens Mission Apt. 192,New Gabrielle,Idaho,10905
Michelle Hernandez DDS,47,43421 Woods Loop,North Ericaton,Georgia,78145
George Smith,26,96397 Williams Alley,East Daniel,New Hampshire,46837
Danielle Smith MD,74,35077 Leah Locks Suite 874,Johnsontown,Massachusetts,43707
Kathleen Lopez,62,19266 Dawn Harbor Suite 452,Caldwellside,New Jersey,48302
Christopher Bowman,67,14094 Fischer Avenue,South Jamesstad,Maine,16993
Paul Hall,70,8766 Olivia Corner Suite 292,Connerberg,Hawaii,73050
Sarah Perez,29,57040 Manuel Valleys Suite 414,Petersonbury,Wisconsin,60173
Anthony Harrison,67,1281 Wheeler Parks Suite 650,Lake Tony,Arkansas,9382
Shane Faulkner,34,1485 Teresa Lane,Brownborough,Idaho,3216
Nicole Moore,36,06757 Duffy Lakes Apt. 570,Port Darrylville,Mississippi,78071
William Benson,32,109 Cummings Common,Deborahbury,South Dakota,61532
Brandon Wheeler,73,7718 Patrick Square,Travishaven,New Mexico,10729
Gloria Ramos,44,5753 Gordon Ridge,North Hollyview,Missouri,62245
Mr. Michael Harper,32,72999 Simmons Overpass,Port Adam,Arkansas,55737
Nathan Mcpherson,63,51766 Jennifer Row Apt. 479,Danielberg,Colorado,56875
Jonathan Woods,20,22861 Simpson Prairie Suite 198,Martinbury,Wyoming,15092
Marcus Reyes,52,3115 Cross Underpass Suite 413,Baileyport,Oklahoma,6826
James Peterson,64,9238 Moreno Points,Martinezborough,Vermont,9428
Alex Burns,43,4589 Antonio Light Suite 341,Miketown,West Virginia,31399
Christopher Gibson,45,675 Edward Stravenue Apt. 188,Dominguezborough,Texas,25486
Abigail Adams,46,7465 Joseph Hollow Apt. 623,West Tiffanyside,New Jersey,44571
Danielle Thomas,38,6171 Richard Corners,East Mauriceshire,South Carolina,87204
Kimberly Hernandez,29,8636 Davis Oval,Reginaldton,Arizona,60952
Allen Lewis,34,877 Jason Streets Suite 140,East Annaland,California,71619
Jessica Higgins,18,25488 Lawson Wall,North Robertmouth,Florida,71973
Mrs. Jennifer Case MD,50,59815 Mcguire Grove,West Sarahtown,New York,4698
Joseph Strickland,38,816 Amy Courts Apt. 400,West Michaelmouth,Maine,2675
Karen Lewis,55,6929 Jacob Unions,New Sydney,Missouri,98500
Justin Smith,33,412 John Avenue Apt. 639,Thompsonstad,Oregon,42223
Sarah Perez,26,19594 Alyssa Shoals Apt. 058,Doughertyfort,New Mexico,40759
Alexis Russell,59,01683 Higgins Oval,South Tammiechester,Arkansas,6298
Catherine Fernandez,45,63229 Mathis Spur,Anthonymouth,Idaho,76705
Kimberly Cunningham,60,85475 Steven Rest,New Robertville,New Hampshire,52341
Christopher Liu,24,07749 Hunter Common Suite 228,Greenchester,Kansas,60806
Heidi Burke,76,90535 Melissa Underpass Suite 101,Port Corey,Missouri,50139
Amy Chapman,47,205 Ramirez Points Apt. 191,South Stephaniehaven,Ohio,46173
Nathan Johnson,75,734 Stephens Stream Apt. 799,Wyattton,Delaware,81651
Jennifer Hansen,57,43659 Davis Terrace Apt. 335,Lake Terrancehaven,Maine,52698
Matthew Smith PhD,28,02081 Sanders Station Apt. 960,New Michelle,New Mexico,25090
Denise Friedman,45,6227 John Alley Suite 602,West Jill,Florida,89028
Daniel Erickson,42,34301 Jay Pine Apt. 156,South Kenneth,Virginia,57914
Victoria Kelley,29,45907 Erika Rest Suite 129,East Jennifer,West Virginia,24273
Carl Adams,25,016 Murillo Ways Apt. 893,East Virginiafort,North Dakota,8736
Andrew Zimmerman,65,3364 Kristin Squares,West Brandonside,West Virginia,24669
Arthur Mcclain,80,18111 Tammy Brook,Port Christy,California,55555
Justin Brown,25,02103 Elizabeth Union Apt. 965,Annashire,Georgia,80556
Emily Cook,68,06971 Douglas Lodge Apt. 286,West Tony,Arkansas,32185
Anthony Ross,30,78294 Bradshaw Canyon Apt. 113,Bowersborough,Oregon,59084
Jordan Watson,35,119 Ryan Drive,Richardville,Virginia,7415
Jerome Johnson,37,879 Henry Ports Apt. 658,West Olivia,North Dakota,2842
Kevin Chapman,79,0388 Patterson Viaduct,Kiaraborough,Wyoming,44098
Jonathan Schultz MD,40,879 Miller Way,Phillipland,North Dakota,79809
Lindsey Hernandez,80,39957 Christopher Plains Apt. 369,Johnview,Oklahoma,77665
William Powell,64,68823 Jones Court,East Sandraville,Delaware,14214
Dawn Fitzgerald,65,821 Schmidt Turnpike Suite 686,East Christopherborough,Delaware,14489
John Colon,44,351 Ryan Passage,Lanefurt,Kentucky,19746
David Smith,31,73188 Helen Expressway Suite 140,South Andrea,Nebraska,68157
Samantha Barrett,62,394 Harper Inlet Suite 516,Lake Michaelfurt,Colorado,24844
Jasmine Chandler,44,13950 Brian Valley Apt. 814,Jonesshire,Colorado,96773
Breanna Foley,33,581 Sandra Locks Suite 398,Mckinneyport,Idaho,52494
Jennifer Berry,48,6209 Matthew Shores,Stewartberg,Florida,90208
Javier Camacho,42,98934 Thomas Expressway,Port Dominiqueshire,Alabama,14153
Nathan Reilly,21,4220 Williams Canyon,Lake Paige,Missouri,28485
Jonathan Henry,58,67893 Farley Gardens Suite 720,Port Elizabethfurt,North Dakota,11274
Ann Morales,80,1647 Davis Tunnel Apt. 882,New Jessicashire,Mississippi,89483
Stuart Rice,33,78692 Virginia Mill Suite 595,Jasminefort,Michigan,38084
Joseph Matthews,74,199 Benson Rue Apt. 713,Lake Victoriabury,North Dakota,99527
Brian King,63,2026 Lindsay Land Suite 940,Lesliestad,Delaware,10357
Tracy Clark,69,41518 Chad Overpass Apt. 644,Christinachester,Washington,3104
Karla Lucas,43,49824 Jordan Wall Suite 329,East Scott,Michigan,53976
Ronald Payne,36,47356 Woodward Field Suite 074,Bartlettton,Kansas,58132
Kathryn Mcdowell,50,330 Burton Shores,West Alexmouth,Indiana,99663
Roger Carroll,55,462 Angela Falls Suite 826,Port Robin,Ohio,22585
Sonya Holden,68,7688 Paul Lane Suite 189,Whitakerside,Maine,78816
Regina Delgado,72,643 Leonard Village Apt. 131,Angelachester,Maine,8183
Alexander Evans,31,290 Brenda Points,Javiermouth,West Virginia,30183
Victoria Francis,56,277 Steven Mission Apt. 891,North Kevin,South Carolina,15226
Kelly Clarke,54,73605 Rebecca Motorway Apt. 733,Blanchardside,Connecticut,91320
Michael Cox,50,797 Amanda Cliff,North Kathleenmouth,Missouri,3905
Matthew Floyd,18,0057 Dawn Loop,East Gary,Missouri,32532
Kevin Zimmerman MD,73,3021 Garrett Locks,West Jennifer,North Carolina,86511
Kristin Andrews,60,3429 Rodney Rest,Lake Shelly,Texas,33691
Victoria Nelson,25,782 Williams Stream Suite 365,Ruizhaven,New Hampshire,72228
Lauren Williams,80,775 John Summit Apt. 786,Lake Erintown,Colorado,84339
Brian Williams,53,387 Terry Rue Suite 691,Garciaville,Virginia,97529
Scott Wright,54,54537 Carter Branch,South Darrell,Arkansas,40909
Micheal Thomas,37,4520 Robinson Common Apt. 148,Lake Steven,West Virginia,89733
David Allen,65,2196 Spencer Springs,Davilaburgh,Missouri,63315
Antonio Garcia,58,68963 Marcia Locks,New Derrickfurt,Washington,70057
Marco Benson,40,80789 Hampton Shores,Newmanland,Colorado,91487
Jack Parsons,74,0226 Heather Manor,West Patricia,Texas,64095
Tammy Roach,35,5330 Evans Passage,East Samanthachester,North Dakota,84120
Mr. Joseph Mercado DVM,54,406 Christina Field Suite 645,Daleborough,Wisconsin,71242
Ashley Ruiz,67,567 Alexandra Route,South Brian,New Mexico,88187
Gary Edwards,23,912 Sharon Rapid Suite 351,East Crystalfort,Oklahoma,22066
Teresa Campbell,29,850 Bradley Summit,South Jeffreyview,Washington,17650
Marc Schroeder,22,691 Sandra Valleys,Anthonystad,Georgia,82117
Kerry Butler,32,0281 Michele Shoal,Smallton,California,49914
Alicia Simmons,34,24110 Schultz Junction,Danielton,Oklahoma,21925
Gabriella Gray,61,10066 Thompson Mission,Lake Paigeview,Hawaii,15366
Michael Crawford,32,18989 Allen Forge,Debraberg,Alaska,61704
Benjamin Stuart,34,4070 Rivera Court,Chandlermouth,Oregon,63364
Diana Cox,63,451 Luis Overpass Suite 414,West Joelstad,New Mexico,20172
Beth Rice,26,869 Reeves Mills,Grayport,New Hampshire,2781
Laura Conway,23,504 Thomas Park Suite 862,Lake Robertomouth,Tennessee,64637
William Perkins,72,281 John Points Suite 422,North Davidburgh,Pennsylvania,15274
David Mcclain,68,9861 Moreno Road Suite 423,North Charlesmouth,Utah,19285
Linda Brown,73,574 Brooks Spur Apt. 074,New Elizabeth,Hawaii,66519
George Cole,53,072 Hayes Harbor,Lawsonland,Wyoming,26531
Teresa Harrell,48,58416 Cole Islands Apt. 149,Palmerstad,New York,33314
John Garcia,41,264 Carrillo Parkways,Kayleeberg,California,25752
Cheryl Gomez,68,26044 Allen Curve,Lake Carolynton,Nebraska,21436
Sara Cisneros,34,754 Tammy Flats Suite 648,Williamsburgh,Hawaii,43795
Michael Chase,47,6887 Emily Common,Shannonton,Iowa,14042
Jacob Marshall,79,94009 Michelle Coves Suite 817,Justinmouth,Alabama,30787
Shannon Rocha,43,1854 Marshall Coves,New Cynthia,Arizona,77528
Courtney Zavala,45,12212 Elliott Trail Suite 993,New Neil,Arkansas,87572
Zachary Lewis,25,46722 Brittany Cape Suite 388,New Dawnview,Montana,67524
Brittney Martin,60,310 Nicole Square Apt. 319,Loriport,Kentucky,81119
Max Bowers,37,71502 William Prairie Apt. 180,South Jesseshire,Michigan,81842
Kevin Gordon,40,679 Nicholas Ranch Suite 702,Taylorberg,Mississippi,46335
Andrew Weaver,34,3733 Joseph Spurs Suite 233,Patelbury,Michigan,84940
Ashley Hall,31,0684 Dennis Mill,Michaeltown,Alabama,92915
Angela Stevens,50,9807 Tony Wall Suite 698,Hornefort,West Virginia,63019
Reginald Bush,72,0063 Dylan Overpass Apt. 013,Amyland,Ohio,49834
Daniel Haynes,19,57650 Samantha Canyon Apt. 725,East Johnport,South Dakota,2042
Jessica Anderson,42,60258 Miles Junctions Suite 771,Perkinsfurt,Arkansas,6185
Elizabeth Patterson,48,96634 Kimberly Roads,East Justin,Connecticut,41162
Jonathan Ortega,69,92148 Patricia Forge Suite 025,Floresmouth,California,9048
James Johnson,60,35029 Jackson Wells Apt. 022,New Stevenhaven,Minnesota,86418
Kristi Mitchell,38,3508 James Pine Suite 964,Rebeccaton,Louisiana,20372
David Mayer,48,11844 James Run Apt. 081,North Scott,Indiana,65546
Nichole Castillo,49,709 Edward Flat,Jonesshire,Mississippi,50060
Kevin Doyle,19,8148 Simmons Club,Port Douglas,Pennsylvania,64189
Stephen Joseph,66,0590 Jones Ports,Lake Thomas,Pennsylvania,23603
Taylor Hamilton,64,78845 Matthew Fall,Reneehaven,Massachusetts,73497
Heather Wells,51,89363 Michael Island Suite 326,New Diane,Ohio,22975
Melissa Monroe,49,709 Nelson Hollow,West Jessica,Illinois,12852
Michael Jennings,70,4487 Gill Vista Suite 238,Lesterstad,Massachusetts,74574
Emily Alvarez,39,0571 Maria Meadow,Baileyburgh,Wisconsin,42695
Tyler Moses,52,64186 Jackson Parkway Apt. 565,Johnmouth,Utah,57699
Melissa Ross,43,788 Rodriguez Row,East Ashley,Kentucky,22108
Brittany Vaughn,55,371 Amanda View Suite 185,Theresaview,Montana,17147
Sharon Moore,23,694 Andrea Orchard Suite 377,Richardfort,Arizona,10377
Amy Williams,24,328 Sheila Place,West Sarah,South Carolina,59691
Andrew Arnold,54,6423 Olsen Hollow Apt. 011,Kingville,New Hampshire,48915
Richard Sanchez,79,1499 Hall Roads,Manueltown,Georgia,917
David Jackson,58,55066 Knox Street,North Jamesport,Michigan,78691
Benjamin Williams,75,67530 Erin Tunnel Suite 990,West Russell,South Dakota,21867
Crystal Garcia,19,253 Wesley Isle Apt. 822,South Danielville,North Carolina,14602
Andrea Moore DDS,75,300 Burke Haven,Port Annfurt,Alabama,11907
Michelle Fowler,42,7265 Flores Streets Apt. 398,Zamoraport,Maine,97597
Lori Choi,65,73474 Sharon Lane,New Kimberlyside,Utah,59183
Amber Perez,73,45850 Bond Turnpike,Randyside,Virginia,95531
David Lawrence,65,69563 Frye Circles Suite 300,Danielborough,South Dakota,38878
Karen Smith,34,87153 Thomas Way Suite 405,Sanchezfurt,Alabama,40571
Edwin Flynn,26,83911 Jeffrey Field,West Jason,Kansas,41509
Patrick Johnson,23,09736 Nicholas Circles Apt. 741,New Michael,Maryland,3934
Kelli Sanders,67,429 Michael Radial,South Frankside,Alaska,36443
Fernando Blair,27,510 Rogers Club Suite 708,South Michaelmouth,New York,95778
Brittany Benton,53,089 Chen Trace Apt. 949,North Natashaport,Alabama,59338
Joshua Kramer,43,77389 Kristi Ferry Apt. 557,Robertsmouth,Louisiana,9166
Kenneth Carlson,21,4633 Henderson Courts Suite 707,Lake Garyport,New York,37845
Dwayne Hammond,68,920 Lowe Lights Apt. 284,Timothyburgh,Maryland,48289
Allison Phillips,46,4810 Jennifer Forges,Lake Anthony,New Mexico,43657
Clinton Fisher,75,0591 Campbell Dam,South Alisonburgh,Utah,57381
Barbara Tyler,39,6420 Smith Common Apt. 332,South Kenneth,Washington,85646
Cory Thompson,69,8103 Rivera Ford Apt. 373,Bonniefort,North Carolina,89776
Jessica Skinner,47,580 Garcia Rapids Suite 036,Erikberg,Nebraska,87046
Pamela Sanchez,45,96674 Cindy Flat Apt. 961,Rebeccabury,Pennsylvania,29693
Julie Norris,34,449 Martin Crossing,Briannastad,Ohio,2704
Christopher Keith,44,31443 Susan Plains,Sextonborough,Florida,7076
Richard Hunt,24,0308 Donald Mall,Hawkinsland,Oklahoma,26809
Michael Lee,41,80704 Tanya Courts,New David,Arizona,43857
Christopher Sanchez,77,34927 Laura Views Apt. 485,Mayview,Nebraska,76209
Anthony Pierce,75,9049 Angela Lake Suite 576,New Cassandraborough,Arkansas,7539
Lynn Jacobson MD,65,290 Shawna Fork Apt. 911,Manningville,Kansas,62136
Laura Scott,54,38621 Davis Meadow,Port Craigton,Pennsylvania,32706
Jennifer Bean,41,4451 Rivera Curve,Stephanieburgh,Florida,69097
Victoria Small,67,46200 Lisa Spring,South Amandahaven,Nebraska,47650
Tammy Hernandez,49,712 Maureen Loop Apt. 782,East Tammyburgh,Vermont,26474
Kathleen Gregory,75,197 Norma Glen Suite 063,North Jaimefurt,Wisconsin,96062
Erin Chan,62,902 Estrada Curve Apt. 663,Lake Lucas,Kentucky,74714
Randall Gentry,54,312 Matthew Skyway,Jasonport,Arkansas,6901
Scott Chapman,23,805 Ball Valleys Apt. 057,West Michaelport,Massachusetts,61716
Bryan Mclaughlin,67,41621 Susan Crest,East Rhonda,South Dakota,60061
Erin Walton,65,10710 Guerra Islands Suite 097,Port Nathanview,Texas,72712
Michael Smith,76,75819 Kirk Camp,South Mary,Texas,7814
Raymond Zhang,26,67317 Harvey Underpass,Donnamouth,Illinois,35287
James Hicks,66,1166 Mullins Coves Suite 782,Adrianbury,Tennessee,41672
Michele Brown,66,8971 Mitchell Bridge,Torresview,Delaware,49161
Victoria Martin,34,0198 Ramos Rapid,Port Julie,Arkansas,35442
Zachary Taylor,38,5260 Martin Center,Cooperview,Idaho,61335
Jordan Callahan,49,734 Dawn Ridge Suite 655,Jamesfort,Illinois,46079
Jeffery Williamson,69,348 Gibson Lane Suite 726,North Jeffreyton,Kentucky,55304
Chad Lozano,68,34386 Benjamin Ports,Port Daniel,Ohio,52022
Joseph Mcclain,20,256 Leslie Grove Suite 273,East Michele,Maryland,51502
Kimberly Wells,55,440 Garcia Crest Suite 913,Cooperside,Washington,7294
Jesse Diaz,70,35356 Howell Square,North Danielton,Massachusetts,72969
Jon Diaz,57,4839 Cheyenne Route,Romeroside,West Virginia,98476
Jason Larson,33,08943 Amanda River,East Kennethton,South Dakota,45633
Matthew Sparks,71,64922 Sarah Locks,Port Madeline,North Carolina,63116
Suzanne Gutierrez,27,20825 Johnson Common Apt. 216,Michaelmouth,Massachusetts,68736
William Medina,58,571 Anthony Hill,South Mary,Tennessee,18325
Alexander Smith,56,891 Douglas Orchard Apt. 154,Carrieton,South Carolina,50528
Karla Stewart,20,84381 Julie Skyway Apt. 397,New Williamshire,Tennessee,58795
Michael Brown,70,4875 Fuller Pine Suite 449,East Codyside,Oklahoma,71314
Michael Swanson,73,0064 Jeffrey Valley Apt. 407,South Jacquelinefurt,Utah,82732
Brent Young,54,65075 Valentine Curve Suite 240,Victoriaborough,Rhode Island,37926
Stephanie Higgins,76,36804 Mason Extensions Suite 678,Sallyville,Hawaii,47386
Nicholas Cole,44,7778 Daniels Station,West Amandaville,Georgia,36455
Richard Bell,45,7038 Perry Cliff Suite 534,West Philip,Missouri,75556
Michelle Miranda,36,4634 Sara Way Apt. 443,Karenport,Wyoming,79356
Beth Oneill,55,844 Karen Lights Suite 693,Jasminemouth,Vermont,6785
Christine Jones,23,3451 Lopez Ridges,Susanshire,Wisconsin,71880
Elizabeth Smith,64,535 James Viaduct,Smithburgh,Wisconsin,5299
Gabriel Aguirre,52,462 Kelly Keys,Roweland,Kansas,36702
Marc Robinson,55,0973 Watson Highway,Griffinshire,Nebraska,88939
William Johnson,30,87868 Wells Plain Apt. 426,Mooreshire,Texas,86175
Alan Lewis,35,561 Sharon Underpass,South Johnathanview,Arizona,72042
Aaron Lyons,32,0843 Shelley Ways,Moralesshire,Maryland,65109
Lori Velazquez,72,639 Buchanan Skyway,Thomasburgh,Utah,61073
Michael Moore,73,156 Kerry Manor Apt. 887,Eatonmouth,West Virginia,7169
Ryan Jones,67,29781 Hood Summit Apt. 440,Anthonyburgh,Alaska,70601
Jeffery Sanchez,35,05656 Jeremy Groves Apt. 304,Robertshire,Connecticut,68399
Carrie Gonzalez,38,09275 Anthony Summit,West Shannonmouth,Missouri,69437
Diana Butler,26,6620 Kim Throughway Suite 910,Anaport,Maine,71180
Ana Tran,79,689 Sullivan Roads,Annaville,Washington,17826
Dawn Garcia,70,6444 Rachel Mall Suite 718,Tannerfurt,Arizona,16684
Leslie Adams,25,50441 Snyder Island Apt. 768,Rivasmouth,Maine,39734
Kathy Beasley,18,5869 Patrick Corner Apt. 114,Lake Raymond,Mississippi,4436
Nicole Richardson,59,046 Carol Forge Suite 951,South Lori,Colorado,25195
Anna Cox,55,057 Melissa Isle Apt. 726,West Timothy,Illinois,13413
John Wagner,69,64413 Donna Parks Apt. 004,New Anthonyton,Washington,42261
Christy Lin,71,7614 Murphy Drive,Kristamouth,New Mexico,61472
Kimberly Mcclain,35,5561 Dawson Lake Suite 598,Alexside,Indiana,53962
John Williams,49,2898 Daniel Islands Suite 240,Fisherside,Nevada,89348
James Edwards,52,2814 Mario Underpass Suite 690,Obrienside,Massachusetts,2666
Dylan Rodriguez,37,76055 Lucero Motorway,Port Melinda,New York,62783
Brenda Werner,46,788 Morgan Common Apt. 603,New Ruth,Massachusetts,51218
Megan Fuller,41,116 Emily Landing Apt. 200,Goodside,Montana,5675
Deanna Valdez,42,7720 Shannon Route Apt. 353,Pamelabury,West Virginia,88203
Patricia Medina,27,7929 Shawn Grove,Kylietown,South Carolina,76968
Michelle Craig,71,995 Santana Meadow,West Nicholas,Maryland,21777
Amber Bishop,46,8826 Edgar Haven,Huffhaven,Arizona,45349
John Martinez,79,5700 Kennedy Bridge Apt. 132,North Charleschester,Wisconsin,15323
Phillip Novak,28,01229 Cole Points,Cherylfort,Washington,46891
Jamie Chavez,35,9538 Lopez Harbor Apt. 467,Ellisview,Colorado,52400
Jeanette Glover,28,586 Foster Lake,Lake Emily,Vermont,14839
Zachary Thompson,68,733 Morgan Court,East Stephaniebury,Rhode Island,66438
Adriana Richards,50,8369 Andrew Brooks,Heatherfurt,Wyoming,34666
Mrs. Donna Taylor,63,86860 Yoder Trail,New Kathleenmouth,South Dakota,67933
David Miller,78,93047 Clark Dam,Barrberg,Washington,96877
Brittany Morrison,33,97982 Howard Corners Apt. 822,New Jesusmouth,Wyoming,74163
Amber Fisher,80,115 Jodi Loaf Suite 960,East Kyle,South Dakota,17585
James Perez,77,93502 Phillips Trafficway,Perezton,Michigan,80906
Alexis Jensen,39,257 Christian Path,East Rhondaton,Arizona,89215
Joseph Gill,64,595 Mary Road,New Melanie,Oregon,38352
Isaac Barber,57,91977 Cameron Street Apt. 595,South Ernestchester,Georgia,80045
Madison Brown,32,113 Rodriguez Ports,North Roseside,Oregon,14004
Paul Marsh Jr.,42,079 Andrew Island Suite 856,East Shawn,Maryland,79492
Daniel Wells,65,43338 Howe Inlet,Barbarafurt,Iowa,66316
Dylan Gentry,44,0052 Graham Circle,Heberthaven,Colorado,86200
Scott Alexander,45,09150 Stevens Square Apt. 829,Port April,Michigan,88751
David Day,47,833 Riley Course Apt. 730,West Taraburgh,North Carolina,27301
Diane Harrison,53,446 Rice Via,Hectorbury,Oklahoma,49664
David Miller,43,9483 Scott Ridge Suite 142,Lindaport,Arkansas,40535
Luis Allen,35,23509 Cassandra Underpass,North Christophermouth,New York,94727
Sandra Rivers,39,85712 Sharp Mall,Westmouth,Wyoming,81536
Edwin Shaw,62,964 Frank Wall,Port Chelsea,Texas,74118
Karla Buchanan,24,4602 Angie Keys,Port Walterberg,New Jersey,97926
Deborah Powell,53,956 Conner Haven Apt. 458,Lorraineport,Louisiana,95081
Darlene Lin,32,47734 Michael Harbors Apt. 696,Michaelmouth,Alabama,77771
Diane Santos,57,6603 Peters Mill Suite 833,Leeshire,Alabama,22072
Amber Evans,37,135 Campbell Parkways,Fordport,Tennessee,85275
Ryan Frost,24,0919 Williams Shoals,Lake Tonya,Indiana,93185
Heather Martin,77,55098 Pierce Inlet Apt. 772,New Bruceside,Hawaii,53912
Erin Allen,35,81746 Cruz Extension,Robertsstad,Minnesota,33278
Bailey Robinson,79,3056 Samantha Crescent,Coxport,Oklahoma,35486
Stephen Wallace,58,3098 Lori Way Suite 421,South Brianaport,Virginia,5457
Danny Jones,54,307 Torres Turnpike,North Alyssa,Alabama,85631
Glenn Navarro,34,78132 Debra Trafficway Apt. 545,Joshuaton,West Virginia,87840
Matthew Reed,20,598 Nelson Hills Apt. 845,Michellestad,Connecticut,30624
Autumn Calderon,23,7255 Freeman Harbor,Ashleyton,Nebraska,3705
Marcus Roberts,67,79706 Hardy Keys,Jesusville,Arizona,12547
Renee Flores,48,1396 Richardson Wall,Stewartport,Tennessee,8762
Brian Jenkins,38,84437 King Gardens Suite 060,East Stephanie,Idaho,3013
Gina Hernandez,71,16874 Kim Run Suite 669,Jessicamouth,Texas,21119
Julie Williams,21,74500 Jackson Lights,Lake Marilynville,Oklahoma,25142
Jeremy Singleton,64,571 Porter Run Suite 620,New Sherri,Nevada,47602
Kyle Bryant,55,1973 Wendy Viaduct,Port Ravenville,Virginia,5156
Kimberly Stevens,77,871 Alexandra Lake,Krystalfurt,Oregon,11633
James Jordan,77,86939 Livingston Keys,North Aliciahaven,Washington,11846
Edward Thornton,66,089 Hanna Points Suite 172,Sextontown,Colorado,70727
John Dorsey,75,99634 Karen Mountain Suite 554,Christineburgh,Massachusetts,3365
Kyle Graham,78,258 Tina Passage Apt. 673,New John,New Hampshire,17271
Catherine Williams,42,9404 Nguyen Plains,Richardhaven,Texas,10153
David Velazquez,73,910 Singleton Roads Suite 700,Matthewton,New York,91522
Carl Adams,27,4733 Wright Locks,Amychester,North Carolina,88458
Debbie Cohen,20,616 Patrick Expressway Suite 696,Torresland,Louisiana,42499
Amy Deleon,71,766 James Fords Suite 035,Gabrielmouth,Virginia,88375
Christina Smith,37,6207 Christopher Run Suite 420,Littlemouth,Kansas,2071
Alan Meyer,38,616 Angela Mountain Apt. 333,Fryeland,Arizona,73736
Eric Turner,34,1009 Holden Square Suite 350,East Tracie,Tennessee,41842
Christina Mitchell,48,885 Dunlap Flats,East Robertberg,Iowa,84817
Margaret Carey,59,71458 Ashley Turnpike,Lanetown,Wyoming,70547
Brittany Nelson,47,0824 Michael Harbors,East Michaelborough,Maine,21154
Lisa Beck,31,853 Mark Harbors Apt. 149,Taylorton,South Dakota,73722
Harold Ibarra,25,244 Rachel Islands,Turnertown,Oregon,49034
Dennis Taylor,22,5220 Boyle Hill,Schwartzton,Illinois,84986
Elizabeth Rivers,64,990 Davis Stream Suite 704,Stoneshire,Ohio,96036
Richard Morrison,47,48825 Williams Square Suite 914,Whiteborough,Michigan,78795
Jason Austin,39,7714 Booth Stravenue Apt. 012,East Royfort,Michigan,32701
Anthony Briggs,29,969 Brown Stream,Lake Angelaberg,North Carolina,71865
Johnny Lloyd,23,93013 April Island Apt. 393,New Sean,Illinois,11953
Michelle Griffith,67,870 Brittany Branch Suite 111,Moorebury,Mississippi,90872
Susan Miller,77,137 Corey Flat,New Ginaberg,Louisiana,87044
Matthew Wolf,30,2885 David Ville Apt. 089,West David,South Carolina,37101
Donna Garcia,75,7635 Steven Port,Lake Nicole,Illinois,22510
Elizabeth Le,73,687 Johnston Cove,Alexanderchester,Maine,30487
Sarah Wheeler,72,1829 Jones Gateway,East Tamishire,Indiana,46497
Kirsten Mckee,20,8517 Jose Courts,Garciatown,Wyoming,51881
Leroy Brock,20,63781 Smith Road,Collinhaven,Minnesota,2405
Dennis Whitney,57,86345 Kristy Highway Suite 126,West Robertchester,Nevada,22679
Scott Moss,36,646 Martinez Mountain Suite 094,Mercadoburgh,Rhode Island,34625
Jacob Mejia,40,4781 Robin Springs,Jonesfort,New Jersey,60100
Megan Watts,49,60082 Janet Mountain,Jonathanchester,Ohio,18048
Darlene Shaw,23,973 Erika Ville Apt. 020,Fryeview,Wisconsin,31461
David Roberts,79,4485 Curtis Walk,Jackhaven,Florida,33845
Patricia Cox,43,75958 Day Lock Suite 248,Alyssaville,Rhode Island,86569
Brenda Yates,22,6823 Jessica Underpass,Duncanville,West Virginia,4597
Michelle Rowland DDS,28,538 Michelle Junctions Suite 161,Schroederland,Virginia,13212
Christopher Williams,61,93283 Mark Pine Apt. 040,Lake Lauren,Louisiana,62068
James Smith,70,966 Tammy Harbors,West Kristin,Connecticut,97577
Cody Hill,56,665 Smith Drive Apt. 307,West Robert,Arkansas,53878
Lauren Johnson,27,13965 Kimberly Knolls,Lake Samuelborough,New Hampshire,63732
Christian Matthews,57,647 Martinez Harbor,Williamtown,Mississippi,56163
Michelle Owens,37,4306 Tammy Summit,Huertatown,Oregon,75261
Melissa Jensen,44,0159 Barr Green Suite 333,West Gerald,Florida,8964
Charles Anderson,35,53508 Elizabeth Alley,Thomasland,Wyoming,40743
Mrs. Ana Hunter,35,032 Sanchez Trail Apt. 384,North Michelle,Rhode Island,99244
Jeff Jones,23,16097 Michael Inlet,Careyfurt,Illinois,36960
Monica Ballard,27,19453 Donna Spurs Suite 237,Joshuatown,Colorado,47193
Brittany Smith,60,921 Cheyenne Ville Apt. 386,North Jeremiah,Arkansas,42083
Cynthia Hernandez,45,6537 Williams Gardens,West Richardshire,Rhode Island,97367
Megan Kelly,37,781 Warner Green Apt. 361,Port Mary,Maine,56907
Kayla Parks,58,58499 Mills Vista Apt. 164,West Calebbury,North Dakota,90226
Victor Martin,73,13593 Jones Glen Apt. 901,New Melissastad,Rhode Island,98042
Lynn Coleman,34,617 Timothy Court,West Anthonyside,Connecticut,76457
Chelsey Wood,24,9131 Patricia Ranch,Swansonview,Connecticut,54182
David Holland,70,2930 Patel Orchard Apt. 019,Louisland,Wyoming,86105
Eric Horn,76,729 Tracy Well Apt. 249,East Donald,Alaska,39163
Cassie Fisher,61,0131 Robert Rue,Rodriguezshire,Utah,927
Robert Moss,40,23767 Angela Branch Suite 352,Michaelbury,Mississippi,74926
Derek Gilmore,22,03873 Allen Ports,Peggystad,Michigan,41590
Michael Patel,42,3962 Andrew Forges Suite 940,Williamside,North Dakota,15167
Lindsey Ruiz,30,992 Jessica Pass Suite 364,Lake Christopherbury,Washington,29728
Miguel Solis III,39,9251 Foley Isle Suite 965,North Marystad,Mississippi,63877
James Freeman,24,701 Richardson Mall,Allisonmouth,New Hampshire,95445
Hannah Waller,36,205 Mills Track,South Mallorymouth,Hawaii,54965
Amanda Allen,67,12889 Spencer Parkways Suite 346,Lake Paul,Wyoming,4234
Jessica Hudson,34,56554 Smith Flats,Lake Sarahburgh,Texas,51750
Anthony Bell,66,785 Brock Creek Suite 439,West Nicholas,South Dakota,47535
Amy Browning,25,342 Murphy Mill,Brandonport,West Virginia,90203
Brandy Schwartz,63,9601 Johnson Orchard,Vasquezmouth,Indiana,21759
Scott Jenkins,25,595 Sawyer Keys,Gordontown,Iowa,96961
Michael Logan,75,6286 Montes Creek,West Alejandra,Florida,8140
Jonathan Townsend,37,9831 Kendra Turnpike Apt. 273,Port Sabrinaland,Michigan,87528
Jessica Hood,25,131 Kayla Coves Apt. 818,West Matthewport,Idaho,91818
Roger Miller,21,53928 Martin Cliffs,Lake Brianmouth,Tennessee,57437
Tamara Adkins,65,88896 Todd Mount Suite 710,Isabellachester,Michigan,98358
Margaret Hogan,44,574 Stevens Valley Suite 654,South Alexisberg,Kansas,27544
Richard Watson,18,5079 Phillips Shoal,South Cynthia,Pennsylvania,95231
Melissa Estes,32,183 Andrew Point Apt. 156,Port Nicholas,Tennessee,11060
Lisa Perez,55,09770 Friedman Circles,Hernandezstad,Oklahoma,65665
Patricia Patel,20,74348 Sean Gateway,Lake Leslie,South Carolina,44845
Lauren Robinson,60,60836 Powell Center Apt. 258,Codystad,Kentucky,7245
Rebecca Downs,67,4947 John Circles Suite 508,West Bobby,New Mexico,67778
Mr. Ernest Allen DDS,62,64375 Lee Streets,South Sabrina,New York,25544
Paula Simmons,24,560 Henry Stravenue Suite 462,East Matthewland,Florida,8984
Louis Hall,54,93336 Carter Point Apt. 265,New Justin,South Carolina,36044
Heather Jensen,50,518 Christopher Island Apt. 519,Richardstad,North Dakota,26079
Melanie Hayes,24,47360 Carney Court,North Aliciamouth,Michigan,1291
Bryan Gray,52,21841 Fletcher Glens,Pittsberg,Kansas,27307
Riley Rosales,42,14005 Brittany Ramp Suite 554,East Stephen,Wisconsin,70658
Lisa Baker,51,51530 Alicia Fords Suite 564,Rhondatown,Tennessee,20460
Oscar Hopkins,79,53843 Martinez Wells,Sarahchester,Oregon,25005
Virginia Pham,74,9478 Steve Radial Apt. 226,Lake Juan,Alaska,71025
Melissa Hernandez,43,28371 Moore Springs,Moorebury,Maryland,53848
Nichole Marshall,46,21991 Shannon Alley Apt. 472,Kristinafort,New Jersey,20621
Kristi Wagner,23,962 Torres Lakes,Chapmanberg,New Jersey,10516
Mrs. Brenda Gallegos,24,46170 Larson Way Apt. 235,North Jeffrey,West Virginia,98360
Bradley Perez,67,9254 Cortez Mission,East Christopherfurt,South Dakota,10830
Kenneth Garcia,63,49123 Richard Estate,New Scott,South Carolina,9053
Jenna Morgan,80,83476 Bryant Tunnel Apt. 519,Danielleborough,Idaho,75824
Elizabeth Wallace,34,78995 Jordan Dam Apt. 924,Stephenburgh,North Dakota,63472
Paul Harris,55,345 Coleman Manors,Amandaberg,New York,90614
Stephanie Clark,78,025 Carr Courts,Annahaven,Mississippi,21837
Michael Wilson,42,98613 Debbie Rue Apt. 200,Port Ashley,Rhode Island,73474
Angel Park,42,32481 Thomas Manors,Jasonberg,Alabama,68231
Katrina Schmidt,53,93403 Johnny Ferry Apt. 264,Lake Brandon,Kentucky,95249
Monica Valenzuela,28,2931 Moyer Canyon,Aliciaport,Massachusetts,69964
Barbara Trevino,38,241 Raymond Mills Suite 895,South Marcia,New Hampshire,99653
Connie Raymond,31,10883 Veronica Views,North Heather,Vermont,83628
Daniel Johnson,56,224 Nicole Land,Lake Jamestown,Arkansas,13762
Nichole Sanchez,33,813 Perry Circles Apt. 003,Susanmouth,Colorado,69485
Shelby Hunter,33,858 Lauren Summit Suite 587,Port Williamtown,Washington,33897
Wesley Edwards,50,04738 Logan Points,West Marcus,Virginia,47368
Joseph Marshall MD,18,49243 April Bridge Apt. 924,South Chrisfort,Maryland,96172
Henry Gomez,57,404 Watkins Flats,Rhodesview,New Mexico,61504
Robert Smith PhD,55,625 Heather Lake,West Yvettebury,Louisiana,35570
Katherine Ramirez,68,19408 Lopez Trail,New Michael,Nebraska,27276
Christine Hood,33,1309 Williams Cove,Lake Steventon,Kansas,99203
James Lowe,43,6996 Lauren Flat Suite 024,Larryfort,Wyoming,59341
Justin Russell,48,1646 Paul Port,South Michael,Virginia,71549
Karen Leon,65,0087 Brent Port,Millerview,Vermont,54911
Sarah Davis,55,989 Ellen Spring Suite 946,Weavershire,New York,58677
Allen Lewis,63,897 Caitlin Trace Apt. 749,Michaelfort,Wyoming,83559
Paul Clark,61,2841 Tim Track Apt. 734,Port Kimberlyton,Massachusetts,52638
Brooke Henderson,23,2409 Andrew Court Suite 636,Harveyview,Connecticut,32170
Joshua Martinez,53,390 Mathews Oval,West Timothyville,Arizona,20796
Susan Moore,25,789 David Trail,North Nicholaschester,Michigan,52508
Kristen Martin,59,004 Finley Well,Sandraburgh,Montana,63683
Steven Jackson,42,890 Delacruz Forge Apt. 703,Kevinshire,Nebraska,7636
Debbie Jenkins,33,453 Zimmerman Rapid,Ashleyburgh,Delaware,24974
Jessica Sanchez,19,5928 Huffman Plaza,New Bethfurt,New Hampshire,15219
Thomas Jimenez,62,46727 Nicole Street Apt. 728,Port Danielside,Tennessee,65928
Anthony Reese,32,5069 Taylor Dale,Jamesborough,California,31125
Victor Watts,65,7993 Herrera Garden,Port Aprilstad,Illinois,98044
Justin Shaw,37,933 Bailey Center,Ashleyville,Missouri,97712
John Lawrence,55,8244 Villanueva Locks Apt. 026,North Amy,New Hampshire,51311
Lauren Baker,60,3793 Steele View,North Tara,Vermont,34201
Courtney Brown,25,2158 Brian Islands Suite 410,Petersside,Rhode Island,60267
Francisco Riley,63,77999 Mejia Valley Suite 315,Michaelshire,Nevada,62300
Andrew Lowe,55,0144 David Views Apt. 397,New Markshire,Nevada,79474
Becky Simmons,53,30294 Kara Extensions Suite 062,Hughesmouth,Nebraska,34355
John Lewis,18,047 Sharon Lights Suite 782,Mariahfort,Maryland,95916
Christine Wise,18,93574 Lisa Flat,South Danielleburgh,Oklahoma,98968
Vanessa Bailey,29,4307 Laura Wells,Port Jeffreyside,Ohio,55656
Vanessa Newman,31,733 Kimberly Plaza,Timothytown,Wisconsin,77482
Wendy Smith,79,4540 Dana Village Suite 524,Jenniferland,Oregon,95037
Mary Rivera,79,4392 Stanley Prairie Apt. 033,South Robert,South Carolina,94135
Courtney Cherry,71,6075 Russell Fall Suite 850,Port Patrick,Utah,53698
James Bishop,60,410 Garza Stravenue Apt. 039,North Kathleenview,Oklahoma,11199
Jaclyn Davis,50,74970 Mark Valleys,South Kennethstad,Pennsylvania,25507
Rick Phillips,64,87827 Mary Valleys Apt. 493,Lake Sheenaburgh,Georgia,55278
Carlos Cooper,59,110 Thompson Crescent Suite 450,Susanview,Ohio,73276
Hayley Perry,29,2946 Raymond Cliff Apt. 081,Holmesville,Vermont,48410
Cynthia Freeman,64,429 Campos Loaf,West Dennisberg,North Dakota,55307
Terri Anderson,79,175 Thomas Harbors Apt. 487,South Dawnfurt,Michigan,21754
Miguel Gibbs,59,185 William Well Suite 981,New Jesus,Idaho,97261
David Peterson,21,643 Dodson Parks,Guerramouth,Tennessee,47347
Samantha Moreno,55,509 Mayer Curve Suite 685,Port Anthony,Mississippi,81723
Tanya Hughes,19,8540 Williams Radial,West Laura,Delaware,17562
Heather Chapman,56,0783 Farmer Extensions,Lake Eric,Colorado,85051
Jennifer Jimenez,56,14304 Nathan Track Suite 088,Lake Benjaminside,North Dakota,49701
Eric Perez,46,85951 Edwards Shoal,North Anthony,Kentucky,39457
William Nolan,22,802 Larry Causeway Apt. 476,Lake Bernard,New Hampshire,64308
Lisa Smith,60,7297 Sarah Villages Suite 766,Turnerton,Ohio,70484
Marie Beck,73,80907 Marshall Forks,West Cherylfort,New Mexico,80936
Stephen Cook,32,426 Caleb Parks,East Mariaborough,Georgia,65628
Wanda Moore,68,2128 Hoover Plain,Johnville,Maryland,16765
Lauren Miller,30,4067 Molina Valleys Apt. 114,South Kayla,Alaska,52398
Crystal Williams,46,924 May Harbors Suite 223,Poncestad,North Dakota,48428
Tracy Gonzalez,42,72104 Steven Street,New Elizabethberg,Massachusetts,89825
Sara Marshall,42,190 Wall Groves Apt. 751,Brownbury,Michigan,2156
Nicole Manning,35,6731 Aaron Parkway Suite 035,Susanmouth,Idaho,44441
Bradley Hamilton,34,5643 Stevens Prairie,Gregoryhaven,Alabama,27473
Susan Carroll,55,8418 Hart Trail,South Bryan,Illinois,14274
Amy Vaughn,74,0007 Martinez Radial,Brandonview,Delaware,18309
Victoria Baird,38,3562 Michael Parkway,Hollyside,Pennsylvania,56784
Kyle Robinson,79,632 Harrison Shoals,South Juliemouth,North Carolina,53943
Victoria Young,34,033 Tran Fords,Kathrynshire,Tennessee,91382
Holly Smith,55,91183 Hoffman Point,New Jared,Arizona,99085
Benjamin Anderson,52,07054 Smith Avenue Suite 235,Lake Josephtown,Alabama,95196
Jamie Baker,44,5989 Green Corners,West Karenland,Iowa,81627
Jennifer Cline,79,2702 Michael Expressway Suite 408,Lake Michaelville,Texas,1096
Jenny Harrell,57,366 Henderson Via Suite 177,South Edward,Arizona,28005
Latasha Hanson,51,22591 Miles Squares,Ryanbury,Wyoming,84451
Joel Smith,49,312 Wallace Islands Apt. 476,Christophermouth,Georgia,52368
Tammy Atkinson,45,0855 Lowe Landing Apt. 391,Hawkinstown,Hawaii,82717
Jennifer Lopez,52,2046 Abigail Mall Apt. 450,Sheltonchester,Delaware,82721
Timothy Gonzalez,26,53306 Raymond Shores Apt. 471,South Kellyton,New Jersey,1447
Tonya Thompson,22,711 Turner Drive Apt. 122,East Jo,Wisconsin,85391
Betty Garner,49,1599 Kevin Hills Apt. 390,North Cynthiaview,New York,9001
Stephanie Hudson,34,05713 Gabriella Parkway,East Robertstad,West Virginia,47833
James Hanson,47,7296 Nielsen Road Suite 508,Randyborough,Georgia,80313
Blake Vargas,45,734 Edwards Locks,Port Adam,Texas,80121
Kari Dixon,42,039 Guzman Island,Port Darrenbury,Hawaii,59449
Michelle Oliver DDS,39,487 Allen Circles,Stewartview,Louisiana,94890
Paul Sanchez,46,181 Garcia Locks Suite 386,South Donaldchester,New Hampshire,43764
Isaac Vega,28,133 Crystal Path,New Julia,West Virginia,9851
Cindy Thornton,62,429 Eric Court,Lake Stacieberg,Mississippi,76943
Shelby Perez,63,93076 Brandi Wall,West Linda,Oregon,1278
Kara Young,59,55491 John Lane Suite 605,Jamiefurt,Missouri,57220
Lauren Porter,42,589 Hampton Lake Suite 225,West Cassandra,Rhode Island,49165
Joshua Nichols,69,085 William Motorway Apt. 219,South Christopher,Pennsylvania,84647
Felicia Barry,28,248 Thomas Valley,Lopezland,Massachusetts,12150
Melissa Taylor,52,07650 Hutchinson Station Apt. 608,Lake Lisa,Montana,82797
Kenneth Moody,37,01280 Bryan Brooks,Lisatown,Nevada,45768
Adam Mann,80,929 Dakota Stream,New Amyhaven,Colorado,39489
Robert Williams,39,436 Pugh Squares,Amandamouth,Connecticut,70717
Karen Miller,63,397 Albert Mission Suite 449,New Susan,Indiana,70863
Patricia Carter,68,34738 Alicia Knolls Suite 767,Ericafort,Arizona,93729
Beth Chen,19,3465 Danny Heights,North Linda,Mississippi,48176
Andrew Cruz,64,10432 Nelson Knoll,New Juliemouth,West Virginia,8096
John Santos,70,133 Mccullough Isle Suite 215,Lake Joseph,Idaho,92971
Shelby George,77,1004 Justin Fords Suite 747,Dennisport,Montana,4150
Jennifer Martinez,36,8032 Wilson Island,Lake Jeremy,Idaho,20749
James Cross,51,968 Myers Road Suite 244,Cruzbury,Maine,87635
Elizabeth Perez,79,381 Ramos Mountains Apt. 753,New Wanda,Massachusetts,36423
Michael Phillips,80,19117 Derek Unions,West Erikastad,Massachusetts,3136
Dylan Watkins,24,96246 Amber Shoals,Robinsonport,Wyoming,59534
Connie Kelly,60,88994 Aaron Plaza,East Jacob,Texas,13086
Steven Best,51,610 Heather Hollow Suite 309,Taylorborough,Rhode Island,27355
Dominic Brown,63,3282 Smith Crescent,Salazarbury,Connecticut,64395
Edward Brock,75,27290 Yolanda Shoals,West Timothy,New Mexico,64160
Shannon Watson,32,412 Sandra Circles,Port Bethmouth,Maryland,30653
Mason Martinez,61,367 Anthony Meadow Suite 028,Coleshire,Michigan,61048
Diane Martinez,32,68646 Katherine Locks Suite 046,Petersonbury,New York,43409
Jason Green,42,8324 Steven Knoll,West Tammytown,Indiana,70218
Karla Rich,60,057 Brittany View,North Saramouth,Maryland,53032
Lisa Jimenez,34,64763 Ewing Roads,New Randall,Nevada,89910
Wendy Rivas,72,84931 Kelly Street,Port John,Michigan,49224
Shane Walker,36,848 Joseph Trace Suite 631,Jamesland,Wyoming,71610
Christine Gallagher,73,1389 Debra Parkways,East Michelehaven,Tennessee,17622
Karen Morales,34,537 Gomez Port Suite 206,Allisonville,Mississippi,41025
Donald Marshall,46,08214 Kelly Course Apt. 668,Lake Benjamin,New Mexico,44371
Claudia Park,48,219 Angela Crest,Lindamouth,Rhode Island,37086
Steven Davis,51,3962 Robinson Ports Suite 894,Lake Kenneth,Iowa,31394
Kelly Williams,27,3449 Troy Mountain,Lawrencemouth,Michigan,34695
Philip Collins,32,7830 Tony Orchard Suite 236,Millershire,Maine,15831
Elizabeth Tyler,61,657 Johnson Mountain,Allisonbury,Missouri,29358
Sean Gray,66,28798 Clifford Route Suite 286,North Nathanielbury,Michigan,56269
Jessica Harris,28,04906 Wolf Square,Spencerland,Louisiana,24520
Julia Franklin,57,3744 Gregory Junction,Port Marcusstad,Illinois,12688
Denise Sims,31,918 Carlos Circles Suite 463,West Connieland,Maryland,65943
Mr. Ronald Marquez,60,9018 Tyler Haven,Port John,Virginia,74074
Randall Hamilton,22,022 Carlson Pines Suite 333,Chadchester,Nevada,89336
Ann Levine,75,6585 Tracy Lodge,West Charlesshire,Florida,54434
Patrick Cooper,50,027 Matthew Crossing,North Tracyport,Idaho,13538
Mary Taylor,62,9646 Paige Green Apt. 088,Fernandoburgh,Minnesota,80976
Stephanie Williams,56,591 Medina Locks,South Elijahberg,Kansas,44102
Kenneth Wong,24,3484 Mcgrath Prairie Apt. 682,South Joshuaborough,Indiana,33492
Tracy Dyer,31,572 Waller Heights Suite 329,Karenmouth,Arizona,13414
Valerie Cole,52,72985 Ford Station,Lake Marissaton,Mississippi,93155
Evelyn Fry,46,671 Miller Land Suite 006,Phillipsshire,Tennessee,34539
Jacob Rios,29,058 Joel Key Apt. 795,North Paul,Georgia,91896
Alexandria Rodriguez,44,22543 Green Roads,Lake Bryan,South Dakota,6915
Eddie Gillespie,50,986 Dawson Key Suite 294,Hernandezview,Montana,18254
Diana Wright,79,05980 Margaret Glen Apt. 520,East Margarethaven,Utah,18503
Christopher Villanueva,74,40646 Reid Wells,Brandonbury,California,36248
Susan Stark,39,83640 Amanda Rest Suite 781,New Victorberg,Georgia,28986
Kathryn Thornton,33,098 King Coves,Jarvisstad,Maine,4417
Andrea Miller,41,3358 Jones Ville,East Jameschester,Oregon,10262
Brianna Jones,55,21054 Martin Radial,Faithland,Idaho,36336
Elizabeth Zamora,27,6497 Lambert Junctions Suite 826,Reesefort,Montana,89183
Alexander Mann,45,52115 Miller Greens Apt. 009,Lake Joelfurt,Tennessee,40480
Marissa Mays,80,7193 Alexander Cliffs Suite 464,North Jessicaburgh,Kansas,97030
Madison Bell,64,5924 Logan Walk,Reevesburgh,Florida,1193
Shannon Crane,66,154 Nicole Terrace,Joshuaville,Florida,71970
Angelica Hendricks,61,5615 Tiffany Path Apt. 008,Garzashire,New Jersey,67957
Joseph Wallace,28,51853 Joseph Camp,East Gary,New York,3419
Beth Price,40,802 Stacey Park Suite 145,Lake George,Washington,32437
Caroline Dennis,31,6457 Jones Junction Suite 464,West Brooketon,New Jersey,90110
Frank Hudson,18,7848 Sims Mountain Apt. 560,East Daniel,Hawaii,96044
Emily Cole,80,6922 Pamela Club,Julieborough,Connecticut,79612
Angela Jones,41,817 Bridges Station Suite 677,Port Chelsea,Colorado,74481
Susan Brown,78,66241 Davidson Villages Suite 658,Jordanside,Idaho,18716
Stephanie Bell,21,003 Karen Wall,New Patriciamouth,North Carolina,60661
Alexander Reese,45,26241 Wells Drive Suite 748,North Warrenchester,Kentucky,54760
Michelle Jimenez,51,1270 Scott Plaza,Ernestland,Illinois,67000
Katie Chambers,56,7902 Ashley Rest,Valdezport,Virginia,6635
Tonya Scott,61,61761 Elizabeth Garden,Herrerachester,Massachusetts,2388
Angela Bryan,35,8040 Ryan Drive,Petersonmouth,Kansas,17011
Amy Adams,45,7665 Linda Ferry,East Gregoryview,Delaware,64125
Kimberly Thompson,57,83197 Jessica Route Apt. 625,Ronaldville,Arizona,19146
Bryan Wilcox,63,047 Hartman Island Apt. 521,New Jefferyburgh,North Dakota,72216
Stanley Hudson,39,121 Michelle Valleys Apt. 580,Hillberg,Oregon,92582
Sarah Mcintyre,62,3522 Dawn Port Suite 630,South Molly,Nevada,98573
Joshua Price,71,03963 Hunt Corner Suite 735,Brianview,Hawaii,55334
Brian Sexton,55,84880 Sharon Trail Apt. 823,Lake Eileenshire,Texas,19298
Carlos Pierce,37,894 Michelle Ford Suite 636,Pamelaburgh,Alabama,29330
Lisa Barry,62,99296 Timothy Island Suite 342,West Evan,Hawaii,54922
Rachel Baxter,36,62722 Jennifer Rapids Apt. 591,New Karenburgh,Indiana,79244
Dr. Roberto Tucker,27,8601 Collins Island,Jacquelinemouth,North Dakota,87792
Joel Fleming,67,34871 Glass Ports,East Gina,Wisconsin,46201
April Stewart,59,4549 Miller Fall Apt. 252,North Johnshire,Kansas,33881
Justin Young,75,34701 Smith Light Suite 110,Lake Kim,Idaho,22485
Michael Gibson,38,0752 Estrada Extension Apt. 057,Millerfurt,Washington,96319
Andrea Mullins,48,5716 Andrea Way,Jacobsonville,Montana,60534
Scott Hernandez,37,71722 Charles Grove Apt. 248,East Benjaminmouth,Wisconsin,60730
Carmen Martin,72,199 Sabrina Circles,Maddenberg,Pennsylvania,57256
Kathy Avery,71,25144 Chambers Turnpike,Buchananchester,Connecticut,62234
Michael Thomas,63,321 Richard Common Apt. 251,Johnland,Tennessee,60854
Frank Hanson,78,02824 Sheila Cape,Charlesview,Pennsylvania,55738
Lisa Caldwell,29,610 Sarah Mission,Barberview,Michigan,45993
Francis Perkins,79,336 Rodriguez Throughway Apt. 844,West Connieland,Delaware,41006
Alice Hooper,41,68716 Curtis Unions Suite 651,Bradymouth,Kansas,17177
Karen Huff,63,07597 Willie Curve Suite 156,South Pamela,Nevada,10221
Christine Ewing,57,2450 Kaitlyn Lane Apt. 645,West Katherineview,California,9621
John Simmons,76,688 Butler Drive,South Triciachester,Idaho,62600
Patricia Elliott,80,26704 Susan Forest,West Christine,New Mexico,23922
Linda Mejia,32,110 West Lock Suite 032,Lake Michellestad,Louisiana,71080
Travis Reed,72,28503 Ashley Walk Apt. 926,North Andreachester,Kansas,34426
Renee Wilson,76,7124 Marc Neck,North Kyle,Nevada,50185
Nancy Sanders,46,12800 Ryan Haven Apt. 518,East Josephtown,Delaware,93512
Craig Hall,27,6860 Acosta Ville Suite 634,Nicoleton,Wyoming,96924
Rita Campbell,61,62409 Kaufman Club Apt. 879,East Carolynmouth,New Hampshire,60491
Aaron Daugherty,78,4870 Gilmore Shoal,East Jeremy,Mississippi,6622
Bryan Cunningham,23,5866 Wilson Islands,South Robert,Alabama,54922
Mary Molina,35,7924 Stanton Plains,Juliachester,Washington,74776
Mackenzie Melendez,43,66296 Heather Estates Suite 060,Andrewton,Connecticut,14116
Calvin Taylor,45,151 Walls Stream,North Clinton,Utah,53445
Dylan Flores,22,52379 Nicole Skyway,Gravesport,Texas,46822
William Thomas,80,55716 Judith Roads Apt. 538,West Andrestad,South Carolina,40170
Thomas Gomez,19,4024 Brown Falls,Port Jennifer,North Carolina,99009
Rachel Freeman,29,483 Smith Knoll,New Miguel,New Hampshire,36450
Jennifer Perkins,23,21767 Kevin Square Apt. 533,Courtneyton,Delaware,12860
Dean Cochran,69,953 Wanda Well Apt. 872,South Mollyport,Tennessee,94635
Antonio Cain,31,450 Omar Cove Apt. 942,North Maryberg,New York,82096
Cory Velazquez,48,920 Wheeler Lakes Apt. 077,North Courtney,Oregon,90465
Sharon Smith,40,28348 Hopkins Extension Apt. 019,Hammondberg,Connecticut,65439
Robert Johnson,58,03641 Michael Courts Apt. 287,North Amandaton,Oklahoma,2783
Michael Ross,76,6290 Ashley Keys Suite 906,Medinachester,Wyoming,2126
Wendy Hernandez,32,84646 Lewis Lock,Donnaborough,Nebraska,9276
Jennifer Olson,21,4593 Willie Road Suite 829,South Annette,Massachusetts,45230
David Rivera,54,7069 Espinoza Walks,Sheppardborough,Minnesota,83939
Javier Ramos,34,3214 Sandra Square Suite 331,Lake Ericamouth,Colorado,1590
Lance Smith,27,64611 James Flats,Mendeztown,California,57413
Jonathan Jimenez,55,07475 Steven Hill,Brandonton,Kentucky,82161
Crystal Vasquez,49,6923 Kristen Rue,Port Nicoletown,Washington,52061
Sarah Reyes,62,9221 Mikayla Estate Suite 416,Francistown,Oregon,26044
Tina Graham,75,063 Jones Plain,Lake Brianberg,Hawaii,70652
Linda Daniels,54,687 Judy Run Apt. 755,South Michaelchester,Nebraska,3256
Cory Anderson,27,3603 Martinez Valleys,South Jason,Kentucky,58344
James Brown,49,07326 Williamson Shoals,Martinezstad,California,51870
Kurt Foster,71,17526 Moreno Row,Port Kathrynshire,Maine,9245
Shannon Hoffman,26,95683 Mary Summit Apt. 651,East Nancyport,Georgia,58385
Danny Gutierrez,25,64033 Garcia Shore Suite 222,East Abigailburgh,Florida,80334
Mark Warren,70,98431 Alvarez Garden,New Nicholasside,Oregon,84700
Sonia Griffin,78,6882 Clayton Wall Apt. 364,Atkinsbury,Massachusetts,27426
Tonya Whitaker,41,4319 Atkins Pines,Floresview,Arizona,70216
Robert Alexander,45,216 Garcia Burg,North Jerry,Michigan,54752
Jennifer Bryant,43,349 Wesley Villages,South Alejandro,Arizona,76602
Brent Macdonald,26,5456 Bruce Valley Suite 940,Williamsstad,Utah,90669
Shane Green,47,80535 Joshua Mill Suite 907,East Nicolefort,Tennessee,33957
Christina Morgan,43,270 Santana Ways Apt. 642,East Josephmouth,Colorado,93358
Brent Conrad,24,991 Freeman Corner Suite 238,South Marcview,Hawaii,70359
Ashley Padilla,57,075 Thomas Hill Suite 133,West Benjamin,Washington,69502
Lisa Steele,71,84979 Laura Causeway Apt. 652,South Gabriellashire,Kentucky,92374
Kara Ward,36,214 Robert Drives,Jessicaberg,Rhode Island,32130
Ashley Mercado,32,560 Duncan Throughway Suite 229,Lake Toddchester,Nebraska,63941
Amanda Anderson,72,3907 Scott Throughway Suite 848,Charlesview,Ohio,82522
Juan Walker,56,97539 Andrew Forest Apt. 560,West Crystalfort,Arkansas,54481
William Johnson PhD,37,8402 Phillip Mountains Suite 201,Reyesport,Florida,63611
Nicholas Ramirez,46,397 Curtis Mountains Apt. 534,Timothyport,New Mexico,14759
Jessica Gonzalez,34,257 Alexander Stream,North Saramouth,Iowa,91526
